lambda,N=150-R=4-S=8
46,2.83333
47,2.8125
48,2.79167
49,2.77083
50,2.75
52,2.70833
