lambda,N=200-R=8-S=12
2,2.73333
3,2.66667
4,1.16
5,1.12
6,1.08
7,1.04
8,1.04
9,1
