R=8-S=3,lambda,
23,6.55932
24,4
25,3.93939
