R=8-S=3,lambda,
5,5.01639
6,4.98361
7,4.95082
8,3.5443
9,3.49367
10,3.44304
