lambda,N=150-R=8
12,3.82353
13,3.79412
14,3.76471
15,2.8
16,2.77778
17,2.75556
18,2.73333
19,2.71111
