lambda,N=150-R=12
9,2.9322
10,2.89831
11,2.86441
12,2.83051
13,2.06154
14,2.04615
15,2.03077
16,2.01538
