R=12-S=4,lambda,
12,2.55625
13,2.53125
15,2
