lambda,N=100-R=12-S=8
11,4.52
12,2.44186
13,2.4186
14,1.92632
15,1.90526
16,1.88421
17,1.4
