lambda,N=50-R=4
3,1.34146
4,1.29268
5,1.19512
6,1.14634
7,1.09756
8,1.04878
9,1
