lambda,N=100-R=4-S=5
17,1.47059
18,1.44118
19,1.41176
20,1.38235
21,1.35294
22,1.32353
23,1.29412
24,1.26471
25,1.23529
26,1.20588
27,1.17647
28,1.14706
29,1.11765
30,1.08824
