N=50-R=8-S=3,lambda,
8,1.65116
9,1.60465
10,1.55814
11,1.10345
12,1.06897
13,1.03448
14,1
7,59
