lambda,Lambda-vs-Cost-Shanghai-R=12-S=4
4,3.42056
5,3.38318
6,3.34579
7,3.31776
8,1.8972
9,1.8785
