lambda,N=100-R=8-S=6
2,5.25641
3,5.20513
4,4.85366
5,4.80488
6,1.64078
7,1.62136
8,1.60194
9,1.58252
10,1.375
11,1.33333
12,1.29167
13,1.25
14,1.20833
15,1.16667
16,1.125
