lambda,lambda
4,1.1087
5,1.08696
6,1.06522
7,1.04348
8,1.02174
9,1.02174
10,1
