lambda,Lambda-vs-Cost-Boston-R=12-S=4
12,2.55625
13,2.53125
14,2.0125
15,2
