R=4-S=2,lambda,
58,2.39744
59,2.34615
60,2.29487
61,2.24359
62,1.64103
63,1.58974
64,1.53846
