lambda,N=200-R=12-S=13
2,1.18519
3,1.17284
4,1.14724
