N=50-R=12-S=4,lambda,
3,1.16667
4,1.16667
5,1.03509
6,1
